Timestamp,Inside_Temperature,Outside_Temperature,Set_Point_Temperature,Heat_Flow,Heating_Cooling_Time
0,24.795898174571523,14.617100610326814,19.07106067436722,-1.0642754682839057,0
60,24.729908049825617,15.923488036774,18.990692355099927,-2.3723133571224264,0
120,24.334509626424314,15.761889021703384,19.05545820734124,-3.2686848148468846,0
180,23.869574290407428,15.164616496258729,19.102307573798594,-4.173548426113788,0
240,23.816807460725986,16.560287679372426,19.067466712258877,-5.6322779274587536,0
300,23.59727050950996,14.865723794720543,18.998603734795072,-5.995846359026595,0
360,23.221936305117133,14.7074171802615,19.053399911093074,-5.053456514829524,0
420,22.89371750852088,15.00409074026369,19.05505804650053,-4.504300758266978,0
480,22.78170800566063,15.57897412738992,18.976000170454096,-5.851406579218242,0
540,23.034374085873015,16.203136357137907,19.041936365060995,-4.939873768979336,0
600,22.984475811399296,15.158757764494704,19.227980107220553,-5.549645706560077,0
660,22.824730452593005,15.47061271151827,19.241599750783212,-5.516658406049155,0
720,23.091669465894938,15.879060760147961,19.26591063429363,-4.638012927221892,0
780,22.513173935943186,15.002246624333385,19.165230019013567,-4.852911483969408,0
840,22.315214822718456,14.993802668393482,18.937777006732997,-4.183708906881836,0
900,22.537818633583147,16.265975318932984,18.82041006798901,-4.7228472976620015,0
960,22.199978509792214,15.64722030696091,18.674756992692153,-5.08719467349636,0
1020,21.932567187755993,15.022491827531068,18.630726457819048,-4.81316965455361,0
1080,21.595651256932353,17.881914543241116,18.721921797282448,-5.174220813780082,0
1140,21.161707757738032,17.136284160082997,18.55710735734175,-5.740739334242159,0
1200,20.9172476062712,16.451758747090064,18.64150516367143,-5.051340805781493,0
1260,21.17978344287261,16.534970100998223,18.62816897745186,-4.928031295455485,0
1320,21.30283395248221,16.401412673137518,18.62334900564042,-5.8897481148338855,0
1380,21.48362594655851,16.26260898418946,18.670539640144316,-4.163875171548168,0
1440,21.069641037243525,14.28639496528413,18.68161401643251,-5.165817209939894,0
1500,21.327388708856255,15.475719136688731,18.485766635699694,-5.817178256137526,0
1560,21.341834728749856,16.095482719517285,18.41344299766937,-5.661865015841219,0
1620,21.5504131733742,16.660476485302326,18.39421498906734,-4.09019151529232,0
1680,21.81112099318078,15.535166559181754,18.459148288166144,-5.955030589471337,0
1740,21.4041775844071,17.332065953583577,18.341299387936832,-5.220707033207974,0
1800,21.587666456459015,16.527408628534204,18.232584260358248,-4.155548686279475,0
1860,21.346929441621654,15.77930729484319,18.08447463564533,-4.033929031421215,0
1920,21.329123691568974,17.032188962781277,17.96821658981986,-4.259572467695212,0
1980,21.109721965921054,16.534235892714207,17.994421606662854,-5.030689653076906,0
2040,20.93958477587623,16.918533985719957,18.22872589231365,-4.428296789268306,0
2100,20.588581666417216,17.88738028217193,18.175317176000775,-4.5518664233407735,0
2160,20.677368396531676,17.099030874856165,18.23586276366749,-4.629151858461848,0
2220,20.70595680806101,17.55518322858812,18.132295919188003,-5.845120172080103,0
2280,20.67549274807011,15.261413312903446,17.97900597754472,-5.920909211340122,0
2340,20.83181688727758,16.612093880432298,18.004576564281308,-5.51272136453774,0
2400,20.788058967165426,16.845570731659965,17.921283541736386,-4.8168689476554345,0
2460,20.61490401020262,16.359587230196098,18.11666286666291,-4.1189426113461405,0
2520,20.66771910497712,16.586540133902467,18.006657793331325,-5.145966759925916,0
2580,20.613328819903955,18.087771569583218,17.89853982741733,-5.398219250307746,0
2640,20.62138979389137,17.344006213065637,18.0458882263618,-4.294962431907386,0
2700,20.25263839340382,17.976143576725878,18.097401211090613,-5.466482447184518,0
2760,20.182539973588387,17.027550586967497,18.10232145120802,-4.270624899334488,0
2820,20.03986854225542,16.301354001351957,18.036213027946573,-4.149655339042879,0
2880,20.079054050561144,17.018003263001333,18.003421726416185,-5.174246344608687,0
2940,19.880403470998743,18.249043271174852,18.102904584213153,-4.182451214856326,0
3000,19.395734147940928,16.07512491714266,18.30769954654941,-4.61776304633654,0
3060,19.408589620769487,17.667571456369128,18.144288333043693,-5.9031863243340865,0
3120,19.358279591102313,17.519923121931086,17.997613641762303,-5.018900637079906,0
3180,19.487245391086326,16.717367354152778,17.92531707148349,-5.6200901411148365,0
3240,19.41729511424001,18.193560465307442,17.883438387663812,-4.684270135826511,0
3300,19.47560680531337,17.657960662732773,17.857078012667564,-4.025639026140733,0
3360,19.17061038382359,18.226801240719574,17.897061006736486,-5.665574533182221,0
3420,18.83961672424482,14.838989736025642,17.65056984419752,-5.309829043948408,0
3480,18.744647467957947,15.889847846563654,17.67542621524486,-4.847980925487475,0
3540,19.007999351068715,16.66539732815083,17.631450938223963,-4.727346070869059,0
3600,19.025545535013176,19.04387384550226,17.556595221336302,-4.368058662879946,0
3660,18.860450533685746,18.583541913854052,17.689920411254267,-5.564844897832916,0
3720,18.657411043564327,17.575619531994146,17.736996244886743,-5.864319458768657,0
3780,19.043258370435748,19.3118827457481,17.7873309565838,-4.222030028011872,0
3840,18.830504636684605,16.677656351304975,17.846673036575357,-5.523325135990744,0
3900,18.66266433174703,16.340509386431627,17.92218146552605,-4.6337573551037785,0
3960,18.219600536737026,16.576726332703256,17.837347349826594,-5.8570375767770635,60
4020,18.283806801942536,17.95974669448004,17.834362884194224,0.0,120
4080,18.1694158891104,18.040888220969745,17.840189425682485,0.0,180
4140,17.856197170471443,18.170280785804653,17.900070672713067,0.0,240
4200,18.234223200018562,19.484834255558727,17.750106832093735,0.0,300
4260,18.271768513572063,17.44502088048228,17.759719006655843,0.0,0
4320,18.223473782282003,18.054136445130492,17.83170035298487,0.0,60
4380,18.440118215204443,18.511746497738695,17.803377602162914,0.0,0
4440,18.34591926053969,18.747809019588743,17.816761457495364,-0.9158135443315941,0
4500,18.224436599907904,17.86541468365184,17.63133772397894,-2.251089364680268,0
4560,18.341073758533895,18.59064593696541,17.494358501699896,-3.1521063980060817,0
4620,17.76686746061564,18.943471132397082,17.642907919167374,-3.327507036762917,60
4680,18.06293997710484,17.610766356007936,17.725872750955197,0.0,120
4740,17.986090846883542,16.808294667675643,17.69219841091562,0.0,180
4800,17.978383169052922,19.29655056934441,17.518748880360878,0.0,240
4860,17.88799078022156,20.08527655770908,17.50229295197105,0.0,300
4920,17.947309136651302,17.959464676807567,17.551341008072427,0.0,360
4980,17.912416041431044,18.005912098363577,17.58120581696591,0.0,420
5040,17.919419016742115,16.721080136781715,17.477199378794204,0.0,480
5100,18.26552117849202,19.16238669940672,17.52707661432994,0.0,0
5160,18.418637304239486,17.822331438980225,17.39253534361681,-1.1973104489044404,0
5220,18.388215057731426,18.444060700997685,17.332093624157903,-2.534792976705144,0
5280,18.44990384464495,19.826662764829255,17.075082187762586,-3.1215854788569204,0
5340,18.694611820535318,17.291947640753975,17.039057283266065,-3.525627738695927,0
5400,18.76635539654956,19.475155097580654,16.9360611142384,-3.981232263851549,0
5460,18.391698644629926,18.704281564795124,16.958306698458657,-4.676675024204103,0
5520,18.63330942853865,17.264444698131463,16.690244992283663,-5.529776111432822,0
5580,18.083135848988253,19.532739160810983,16.816595681288362,-5.141139369973073,0
5640,17.572044015036482,19.41946093331449,16.660302175827784,-4.881484447849944,0
5700,17.414381792356583,20.369613629223476,16.704283923057485,-5.956102834547257,0
5760,17.011493139707643,19.035162332293673,16.580154006795585,-4.1115947179307835,60
5820,16.670482090854552,17.15924115243218,16.620413531087223,0.0,120
5880,16.95123418522867,20.08979976897919,16.725055666487616,0.0,180
5940,17.364153127713347,19.064607977457122,16.717866244454243,0.0,0
6000,17.105914769895218,18.48515034810213,16.68968653021809,-0.8476876004289956,60
6060,17.37526947408537,19.56789707651085,16.656676438080932,0.0,0
6120,17.263634299937536,18.826989590626408,16.693795151681194,-1.006081456634673,0
6180,17.932232696946787,19.572868405628704,16.689681537744455,-1.6458275112445053,0
6240,17.646348256319467,19.072370992000575,16.528828722440593,-2.3638212996751347,0
6300,17.746253041662808,18.350310061797508,16.286346232721773,-3.1972705080930592,0
6360,17.633168128173736,19.809172997795006,16.16266938410883,-4.536626182541824,0
6420,17.547325982238835,21.085931967730893,16.04975093795129,-5.097923705972138,0
6480,17.0416685473195,17.172800773689655,15.916906291670033,-5.141929584766652,0
6540,16.87898098828457,17.906939176640954,16.007200941862738,-4.0652822237049655,0
6600,16.91457290992204,18.826770573917976,16.057562819688215,-5.884216572970969,0
6660,16.735483521886486,19.68603060274254,16.09042667576755,-4.9466217889460875,0
6720,16.854550302586766,18.601011208946417,16.304348367852498,0.0,0
6780,16.769566508900564,20.34567186409167,16.322354466443475,-0.905944415889707,60
6840,16.81162164998513,19.558653297572047,16.18944076303176,-1.9258971878978974,0
6900,16.663284020911938,20.383696062345045,16.347253152024425,0.0,60
6960,16.75048789455888,20.303144219083908,16.522931316795013,0.0,120
7020,17.155169855659977,21.146059313364795,16.42666855828942,0.0,0
7080,17.404535384965055,21.078794092596084,16.250509587322636,-1.0585688909085091,0
7140,17.619037528081098,19.434875704043566,16.22399883687791,-2.1065894620053536,0
7200,17.43538504631764,20.556811555239584,16.30124123536994,-3.520679347463059,0
7260,17.224807043087857,19.600089377203503,16.337849810945833,-3.9322162514332324,0
7320,17.692130777737095,19.09350079754734,16.380629157163145,-4.189545347703692,0
7380,17.683962585217543,18.95881790568533,16.34561745165591,-5.862866863708662,0
7440,17.427944100221282,20.26590031235834,16.30556457433797,-4.330011293282025,0
7500,17.509501826553624,19.870941904097844,16.196749102342267,-5.221901596262368,0
7560,17.40652385479627,19.5815471091064,16.10882780196585,-5.440103786910041,0
7620,17.247237518560997,19.314873880227655,16.185845664015304,-5.243945486745158,0
7680,16.914865313179767,20.190589590018792,16.25585067984336,-4.508186451783517,0
7740,16.76582184581667,20.176110309300327,16.27758054836266,-4.564599285747024,60
7800,16.694411881629534,20.715749670533082,16.10633258484568,-5.976307828740253,0
7860,16.856376655898046,21.321745567500273,16.04202496613439,-4.581844159814077,0
7920,16.794867646670276,21.085312505424277,16.112117229360372,-4.244539125193102,0
7980,16.66623406834831,20.605232535819148,16.16351055861207,-4.3963407704954856,0
8040,16.39801900329246,22.127416759365673,16.156676105265923,-4.653480709018744,60
8100,16.310131215738632,21.472574274720106,16.25857963991167,0.0,120
8160,16.145961400991993,20.389752521831287,16.301055115191485,0.0,180
8220,16.28556022380422,22.645164146047215,15.926359807145602,0.0,240
8280,16.024353140490938,21.77728299790798,15.784582318709738,-0.9411586279694448,300
8340,15.858633450062536,21.20710446407177,15.705546341265103,0.0,360
8400,16.172529868010077,19.207138557693117,15.548428000062906,0.0,0
8460,16.13766502251475,20.0917553110845,15.646759875430584,-1.1948142153579573,60
8520,15.90347123793409,20.284013216053424,15.748944781292046,0.0,120
8580,16.03513415893784,22.44558199579399,15.588092670024732,0.0,180
8640,16.33124776230672,21.112890607952334,15.505786806525458,-1.1768667540929298,0
8700,16.314618818487702,21.59252347548975,15.484821554608052,-2.332708937368348,0
8760,16.256338268360167,20.747299937362783,15.590215207063077,-2.7643260430412906,0
8820,16.085965183005744,20.64379079976685,15.624084104595513,-4.3281988145326356,60
8880,15.568392591299688,20.326019165281306,15.670022116031468,0.0,120
8940,15.605319342577,21.636012195995647,15.566535778355783,0.0,180
9000,16.00326691882817,22.317112090714605,15.608861043805609,0.0,240
9060,15.962318859385096,22.533628573511347,15.670844700372415,0.0,300
9120,16.228376040431172,20.068348996211483,15.773759975247286,0.0,360
9180,16.051369586046174,21.539155320101596,15.797484257183187,0.0,420
9240,16.39875969464459,20.719284546249646,15.805473516633983,0.0,0
9300,16.206462801252847,23.378701174642472,15.845591541499081,-1.0619751157245654,60
9360,16.28948603106081,20.43231350425544,15.899788305922522,0.0,120
9420,16.26181829526773,22.38581974986614,15.882413419926758,0.0,180
9480,16.29021335927162,22.07504376925074,15.86311966872598,0.0,240
9540,16.44908798852926,21.03617057321525,15.938620369205719,0.0,0
9600,16.249861874652282,22.009897411804427,15.788996079069708,-0.8674788210247059,60
9660,16.242413249879213,22.232584516796425,15.638450548653148,-1.6283942938262723,0
9720,16.17585561973485,21.374323854259053,15.550532639784493,-2.2676514907071885,0
9780,15.83383260866268,20.806145981017032,15.554572536882747,-2.968136976818603,60
9840,15.793682946208229,22.54840124610534,15.491556703231455,0.0,120
9900,15.871703414481624,21.8711150117986,15.591705499878799,0.0,180
9960,15.754700380805495,20.068735001897103,15.560230516627282,0.0,240
10020,15.902191113041294,22.59663451078474,15.552080473942054,0.0,300
10080,16.321845652276995,23.073207829363614,15.745146650254988,0.0,0
10140,16.42760365419607,21.29221025245088,15.622608955717276,-1.1090065708972174,0
10200,16.382139909168057,21.065970809369905,15.765775882390413,-2.214925649974245,0
10260,16.9499820593288,22.727024433686157,15.816570398795934,-3.11706258548996,0
10320,17.015655840840697,22.451664410622673,16.066303781234776,-4.228737305138228,0
10380,16.92127364589327,22.871923150173078,15.962711335504453,-4.470694495508743,0
10440,16.600621416222236,22.40643940017364,16.000548742072393,-5.374999552652109,0
10500,16.49543087729719,22.323907646979663,15.875902849662056,-5.122339588425348,0
10560,16.12207020548306,21.21495162965135,15.928555643418106,-4.306179032443999,60
10620,16.21831128588479,23.05413851437759,15.984327829587906,0.0,120
10680,16.323039643323764,21.77492308623307,16.006493203137918,0.0,180
10740,16.335967416496356,22.688768230629393,15.940154184127511,0.0,240
10800,16.42463679625745,20.60200097791609,15.998620760585965,0.0,300
10860,16.393542886998404,22.969367594545744,16.08134053088531,0.0,360
10920,16.05239343865641,22.869778683937152,16.14759076998276,0.0,420
10980,16.145324602738125,23.511957293746903,16.29560372002986,0.0,480
11040,16.107152133663977,22.440481574756408,16.315794619544658,0.0,540
11100,16.305499748065877,22.82577088422482,16.213024648368563,0.0,600
11160,16.579858972039343,21.75586043390753,16.29780326241001,0.0,660
11220,16.775232026500795,23.752519671484144,16.201769719050922,0.0,0
11280,16.84198498595346,22.47758333913109,16.256433234894043,-0.8369698093969746,0
11340,16.830167827549676,23.591745585987724,16.240700518322996,-1.7167185413431771,0
11400,16.8341373436882,24.140669640974764,16.301686008051618,-2.3267446595140737,0
11460,17.059025108930847,21.76379037192391,16.230900738703905,-3.2212373085248625,0
11520,17.0227053043827,22.58124790085331,16.24585003766505,-4.351356598638671,0
11580,16.667606520529443,23.581214299693322,16.332335026766643,-5.639151280808994,60
11640,16.674103173563733,22.101547770269978,16.480100948057597,0.0,120
11700,16.740920501544196,24.57104950495205,16.361380701832577,0.0,180
11760,16.975520845052245,24.16872162872114,16.337163155463912,0.0,0
11820,16.898917686440434,22.48243756132923,16.394132385928774,-0.8273391558121894,0
11880,16.93114748649945,22.672467720279904,16.37928883980389,-1.5388867464684612,0
11940,16.633413965137194,23.051004503255324,16.220230513749673,-2.7694631723692127,60
12000,16.777642910631233,22.82570763033631,16.314169366146146,0.0,120
12060,16.839333572964847,22.969877435777,16.23190544653132,-0.9831577104303535,0
12120,16.72406280661625,22.85042592289293,16.088959488620603,-1.6594883956143416,0
12180,16.45660884964489,22.11699712223057,16.03216045332606,-2.5487731504157862,60
12240,16.394322699112738,23.18924817921705,16.013030455998127,0.0,120
12300,16.40457552858525,22.868887129208744,16.115057617395063,0.0,180
12360,15.841442178731096,22.159597438735812,16.112679471121183,0.0,240
12420,15.829718281622611,22.825237572043605,16.07337528093008,0.0,300
12480,15.794805109973177,23.337477555953125,16.143378182144296,0.0,360
12540,15.638864116327149,24.17216094626755,16.156092231413414,0.0,0
12600,15.246034285694982,23.37396269779475,16.0495676379923,0.0,0
12660,15.157377364271541,23.840507462724506,15.995244180330898,1.1599458786816912,0
12720,15.564877251725148,22.66924455648439,16.099471541466432,1.917486117827607,0
12780,15.488268716936231,22.636816494105037,16.008965192042467,0.0,0
12840,15.415578927396059,23.937477627701455,16.130012026235917,1.107419176823818,0
12900,15.690280652917542,24.18956425524237,16.148947369625294,2.076984719638485,60
12960,15.95044006127917,24.38730301954225,16.04686478827352,0.0,120
13020,15.825691499001556,24.004643046190534,16.135985216283892,0.0,180
13080,15.921431728804993,24.594682516393792,16.179131729703826,0.0,240
13140,15.949037746613813,22.624977217763067,16.139398051228103,0.0,300
13200,15.957064891326873,23.98318416249705,16.11755860493377,0.0,360
13260,15.79876672908261,22.89523719301356,15.828373216526995,0.0,420
13320,15.796665601439809,23.480654028671246,15.646860522182672,0.0,480
13380,15.61221962991772,23.78850040211928,15.681273676613369,0.0,540
13440,15.589335281610992,22.787122782211437,15.631359889002292,0.0,600
13500,15.10432419450649,24.84172996720601,15.536776425609315,0.0,660
13560,15.25679633537219,23.078915115683095,15.707180200923801,0.968051612011751,720
13620,15.726459161471704,22.89234794615144,15.79764891304738,2.189556156214632,780
13680,15.648791984713549,22.078659393908698,15.690707999920189,0.0,840
13740,15.951309712285823,25.099748121319145,15.882025217688305,0.0,900
13800,15.9709634695428,22.462674450897573,16.06271453843886,0.0,960
13860,15.919998686440351,23.11940253221248,16.000073698507176,0.0,1020
13920,16.016449630878228,22.10717048357327,15.915589962820194,0.0,1080
13980,15.970232523179911,23.240587826805942,15.90251146359149,0.0,1140
14040,15.984396697639433,23.359985371547992,15.798559821116749,0.0,1200
14100,15.828847131663874,23.23982895731113,15.775682793474392,0.0,1260
14160,16.084068795192177,24.479162674356328,15.8600307371198,0.0,1320
14220,15.686581750936718,23.93927228552366,15.894464494878576,0.0,1380
14280,15.467463067524106,23.63832620158399,16.025279663372476,0.0,0
14340,15.34637251576687,23.486565158502824,16.25480037274569,0.9045401127735342,0
14400,15.221257235281874,26.47793168358891,16.29010172211169,1.7435711927714648,0
14460,14.994563486130467,23.941352619259213,16.31140452036798,2.8837311308830316,0
14520,14.795683355020675,22.094088595750108,16.17069042312584,3.991440281704508,0
14580,14.794030843629146,24.66910954180593,16.189225817594213,4.346932093368372,0
14640,14.712383408103985,23.262990497426056,16.149542996448133,4.626555967419566,0
14700,14.949175405353799,24.269260705571043,16.19121814257432,5.497168021293754,0
14760,14.831884516217668,24.702514161846725,16.023143246384855,4.925514304601604,0
14820,15.081018022832335,24.828431154499672,15.901684575530394,5.562581840156992,0
14880,15.239759913899471,24.376577975231754,15.909406953388483,4.059716193900095,0
14940,15.312234306100866,22.954467211325948,15.813444350410906,4.226177427186975,0
15000,15.203666270505705,23.28784237491377,15.632328671254315,0.0,60
15060,15.195798100100184,24.544397749917156,15.739225488512682,0.8303072599376914,0
15120,15.014699258714709,25.30379698948083,15.716394543045299,1.5578995654934193,0
15180,15.117009778013788,22.371287726635707,15.775588669250965,2.1248144500728876,0
15240,15.370131161507146,23.21362245590142,15.91310538576557,3.662927056321688,0
15300,15.274451911133806,23.013185141305733,15.902386008626177,5.495231171281986,0
15360,15.447372027778332,23.91041935091659,15.834203087194716,4.33564186947174,60
15420,15.41960793754004,23.880308957672472,15.942017481647444,0.0,0
15480,15.404521586695228,24.875418695629335,16.120826861335274,0.8300078234675305,0
15540,15.485864092929788,23.456697454313232,16.122081194220122,1.5861679649399607,0
15600,15.16254688208259,23.775112218580514,15.905473430204918,0.0,0
15660,15.538093402484137,24.932137593369717,15.898919620348588,0.9949177537430195,60
15720,15.814374821595422,24.552292660495542,15.866940140364116,0.0,120
15780,15.799082624388154,24.70123151954074,15.725352614777238,0.0,180
15840,15.928105755095123,24.116032340203184,15.663164072398668,0.0,240
15900,16.078118865352835,24.00019656699399,15.554448886925165,0.0,0
15960,15.721838899586473,23.620878487391966,15.701228510534735,0.0,60
16020,15.605348516880085,23.63830074219645,15.674196032740394,0.0,120
16080,15.68885337892242,24.680929261508396,15.808181483843912,0.0,180
16140,15.543277571198184,25.676272182780934,15.826163033520793,0.0,240
16200,15.05830145665063,23.41875662851202,15.806217303479793,0.0,0
16260,14.923434865939539,25.274397311190537,15.791974391575982,0.9102902642309053,0
16320,15.271082932014778,24.411709741446774,15.983514326543439,1.5499384718206948,0
16380,15.5773874097215,25.648715910299263,15.983148359188833,2.2498544561674843,60
16440,15.843175573687045,24.07440010261854,15.891437389692298,0.0,120
16500,15.707272397105868,24.662268980351932,15.709502110737498,0.0,180
16560,15.752536688306744,24.026846536565152,15.853049744884807,0.0,240
16620,16.092289792146808,26.482908314231786,15.886908331519836,0.0,300
16680,16.169955267926976,24.383583018156337,15.801187677198977,0.0,360
16740,16.21918408189165,24.4269163658749,15.633981368096663,-0.8997722994907602,0
16800,16.195369432072667,23.218569060171117,15.68575545042346,-1.6357578973371667,0
16860,16.075160368945863,26.345305746881397,15.6528358872949,-2.179836717920153,60
16920,16.43311788229036,25.75454825862359,15.715409208557963,0.0,0
16980,16.295852263994103,23.970987693541666,15.751710309325382,-1.0240986248874768,0
17040,16.275471445777605,26.411824621791254,15.795767535621753,-2.316627116068433,60
17100,16.054174708236307,25.796004201215432,15.983390922387525,0.0,120
17160,16.410760455315916,24.257202736649226,15.94816758275286,0.0,180
17220,16.26559851847817,25.722745852771702,16.011718043881203,0.0,240
17280,16.477181494570747,23.957603775956603,16.06294822970718,0.0,300
17340,16.377309676003986,24.139191085481958,16.088626760677045,0.0,360
17400,16.62636423719917,24.663106377402066,16.08807013395629,0.0,0
17460,16.162858541849374,23.940411448466154,16.078551469424262,-0.8257247369616533,60
17520,16.00576481635375,23.735045663304557,16.1431588401727,0.0,120
17580,15.813641571577975,24.383855784386604,16.024110904140304,0.0,180
17640,15.979043717034363,24.7958513198979,16.24167296341039,0.0,240
17700,16.170357344641776,25.82216789715909,16.23174155649981,0.0,300
17760,16.03450721807481,24.456130559598385,16.191478934637342,0.0,360
17820,15.78506372615736,25.37460947088634,16.084971033651048,0.0,420
17880,15.974703002985027,25.281847479825352,15.966550051743667,0.0,480
17940,15.999804612619458,26.338228417710727,16.092815526693087,0.0,540
18000,16.01840656060226,24.853166306496984,22.37546280212792,0.8179172330746322,0
18060,16.142074315688276,24.216631596059408,22.177242934661297,1.9816509330553167,0
18120,16.40896402625939,24.322780930975124,22.169571326052154,2.9382648320405904,0
18180,16.957689784427494,23.865816976135793,22.205506524139878,4.432484407855632,0
18240,17.340486898100846,24.971901207935545,22.16318433788948,4.106723029963671,0
18300,17.34134157722607,25.40378076602756,22.001776232005145,4.211257997122042,0
18360,17.370693042678887,25.358423366497536,22.09454618736198,5.119012998821985,0
18420,17.278127418106028,24.398546589277746,22.19095502044003,5.717458964654134,0
18480,17.22037905678655,24.948654426356082,22.192840772959414,5.522582258891225,0
18540,17.27458846596421,24.20921382184389,22.10881930950272,4.266079472693859,0
18600,17.44680907757214,24.161940447629252,22.021526958728646,4.549199832144665,0
18660,17.513476084995325,24.941385357169146,21.94693720684031,4.214049102902242,0
18720,17.519426393249795,25.85801859890174,22.113385167972513,4.837870630760933,0
18780,17.844839263070007,24.93954921852715,22.097965633787652,5.549243715817854,0
18840,17.686809718179983,25.164168010635343,22.148004287765,4.877443664977773,0
18900,17.691941234366016,23.177352055722416,22.010719493975376,5.59863648170098,0
18960,17.769426432502044,24.222625091593645,21.98178676313739,5.374734669297413,0
19020,17.757008697181316,24.028380373970805,21.842406630944897,5.537889087539254,0
19080,17.923960943432952,25.41373128850354,21.804867600952644,4.9120584477711695,0
19140,17.962284174174048,24.31604410185608,21.85220312465945,4.001958176391848,0
19200,17.825274886927282,24.599806909585478,21.946213665165548,4.435194110840198,0
19260,17.8460122696226,26.589145186241744,22.060330600731564,5.629572855743756,0
19320,18.017095623265288,24.75868663417752,22.042580517359813,5.030017407504982,0
19380,18.619297749777232,25.35042952496469,21.927718662310774,5.646366113641826,0
19440,18.61619916536743,26.99751823949756,21.944923822336698,5.507134545863882,0
19500,18.966381032559646,24.85540857413552,21.991603543959137,5.884627576118692,0
19560,18.903920672514072,25.484520326643597,21.843765112181732,5.431671436142253,0
19620,18.892343759158077,23.616651840110606,21.818666669105525,4.411161509883701,0
19680,19.157601975694618,26.351742220258036,21.937726310137926,4.479559972969865,0
19740,19.287450223751986,23.896457034725568,22.013835355269517,5.002225800564345,0
19800,19.630738693122407,25.153221001275032,21.785485074632874,5.872027694357007,0
19860,19.49502076430816,24.939089268619046,21.897648742463645,5.509163181371125,0
19920,19.107892108708224,24.99017856170118,22.04595845935417,4.513839453660745,0
19980,19.28761268459088,24.07857838475053,21.954656937528945,5.917981079484706,0
20040,19.303702695360105,24.94123822752305,21.853345143937563,4.961433155219821,0
20100,19.396487973222943,24.94412573139165,21.839730429892487,4.756015703208989,0
20160,19.523267412196336,25.33936700585676,21.985925668389356,4.711030846686835,0
20220,19.514437177502096,25.373212165462945,22.034288514298154,5.333048177971139,0
20280,19.535846172378694,26.165857042819344,22.007073708923983,4.867554981254357,0
20340,19.441161378719677,25.429285199793775,22.168557804127257,4.609882172207641,0
20400,19.46142995057869,24.862795972879837,22.237852469190113,4.9870380534007905,0
20460,19.943411428723007,26.367578520736522,22.331982711033827,5.052732526493958,0
20520,20.094131784939936,25.664428550945022,22.183115870036488,5.173386417285753,0
20580,20.212850790826955,26.37703029937165,22.00752313182524,4.206650633312976,0
20640,20.504959296406064,25.442549638497777,22.04425025877585,4.791506182727798,0
20700,20.881021141248045,23.103382296641875,22.000845680826618,5.4920506155346285,0
20760,21.377329892481637,25.550369941620737,21.984748155377797,5.16362319523345,0
20820,21.57820782844962,25.167056403258645,21.84815244229582,0.0,60
20880,21.513230860750507,23.074582114331804,21.786572735404874,0.0,120
20940,21.449631402765146,24.51112530540377,21.829790022917994,0.0,180
21000,21.479243772393673,26.647983477852865,21.860256576134546,0.0,240
21060,21.333627090356323,23.28829448326612,21.979338531428862,0.8676559874528535,0
21120,21.300516578975635,24.34685587814967,22.182582612203948,2.192863127009941,0
21180,21.065697121476045,24.76450261633573,22.13147609637768,2.861924700330011,0
21240,21.59207535748459,24.681364010039196,22.185387792694886,4.082411930040731,0
21300,21.864694849907398,27.03960240580566,22.28580293375772,4.3690437695563356,60
21360,21.825589380274508,25.79053769025738,22.35449472223105,0.0,0
21420,21.48869077306947,24.304828551397097,22.247783608407406,0.0,0
21480,21.636013435443395,24.790260796486198,22.308139629983067,0.8722938089338083,0
21540,21.369793110889916,25.221587061784962,22.124446921244374,0.0,0
21600,21.378022547632007,25.148674982796145,22.248087124141914,1.0182064303883918,0
21660,21.346889149878557,25.452100527417905,22.169219038380827,2.2219409774424217,0
21720,21.517379601080087,24.669264901082677,22.18575657235725,3.3964213512466825,0
21780,21.568832068494753,26.542556779335516,22.21278721519165,4.673239749841269,0
21840,21.78507474621773,24.07479516350952,22.14875720359671,5.403995747558793,60
21900,21.861923771011813,24.367185297513327,22.265949723104345,0.0,120
21960,22.184292107476477,27.45929428081824,22.313549081769466,0.0,180
22020,22.184436472504515,24.640876901675423,22.348824706451207,0.0,240
22080,22.096654265416273,26.574675301675573,22.429687746794254,0.0,300
22140,21.961486773681223,25.091557389695925,22.34908059323846,0.0,360
22200,21.84867764437494,24.334975443835553,22.48930954120185,0.8100862783233003,0
22260,22.119015204966736,24.468576162474584,22.58743097323098,1.9544600978746176,60
22320,21.76575380891674,24.797344460179705,22.63079479376811,2.6763009620564477,0
22380,21.806730053862992,24.506393240748928,22.57061956000214,3.429032811560636,0
22440,21.9270902798096,25.280794499832968,22.60183019323011,4.61591259174483,0
22500,22.324934713509016,26.438602433851038,22.506801170016182,5.909553929118743,60
22560,22.21120112760509,25.66121308543635,22.713841515724138,0.0,0
22620,22.38385859165972,25.192060012684284,22.827104604942853,1.1504470858547045,60
22680,22.16923114022708,24.158740133677657,22.786491501958068,0.0,0
22740,22.29005049340413,25.66178867961969,22.706369925116192,0.8138319564766017,60
22800,22.346245249918912,24.98677688861647,22.747886684188366,0.0,120
22860,22.323022824902086,25.828975785031023,22.854536136842068,0.9553766944740969,0
22920,22.2216846197306,26.369537707312684,22.72353954964164,0.0,0
22980,22.163513184280443,25.64700932507949,22.65446683916661,0.0,60
23040,21.949473936387147,25.877557870979587,22.83314062138438,1.1097659163836364,0
23100,21.875598273901858,26.286586642374537,22.790378324301184,1.8375367905628903,0
23160,21.97317624925838,25.30698693301905,22.720315998129404,3.218599869327894,0
23220,21.987407209372662,24.906933311108233,22.67293736966923,3.4152689015658857,0
23280,21.853659155228748,24.402047004194884,22.87062711787807,3.6817570490127673,0
23340,21.653434631458516,24.477700023331103,22.931688380170428,4.15380956014653,0
23400,21.74332771674198,21.87809132204613,22.797272410197326,4.18239605145194,0
23460,21.64853409817872,24.724983000317792,22.701675107135706,4.374820094438201,0
23520,21.73375239032607,26.68545680503897,22.63142817311113,4.743721584923311,0
23580,21.72277423933673,24.471610927238487,22.727963173919,4.111002850544846,0
23640,21.660966985375328,25.763007592279195,22.74248478769897,4.896706213971117,0
23700,21.87564335344997,23.439858804731244,22.844669514511324,4.799687312032583,0
23760,22.29441116503333,25.64710424991092,22.967998857426505,5.340884782484997,0
23820,22.512319943486368,25.95732851869422,22.996581953291322,4.3524937464706,60
23880,23.168325888745667,25.138969956994547,23.17130570395008,5.3207818261519435,120
23940,23.346765435478495,25.187003881805047,23.23184134572532,0.0,180
24000,23.192544642482744,24.4110014305294,23.324980239400887,0.0,240
24060,22.97552813598888,24.37471455719717,23.278351791637512,0.0,300
24120,23.042847562856124,24.995605607390758,23.22375792200028,0.0,360
24180,23.50427478999774,25.90250809723829,23.368531350570763,0.0,420
24240,23.603957108021472,25.48570755097815,23.49039350012621,0.0,480
24300,23.719950097797817,23.921309123547502,23.37795570470484,0.0,540
24360,23.758448983626856,24.06784134803643,23.53794354347105,0.0,600
24420,23.458988054331595,24.961159834866717,23.49401451489552,0.0,660
24480,23.716507526729195,26.017521524908105,23.677439720353657,0.0,720
24540,23.966477638500795,22.557572955338784,23.693488715628217,0.0,780
24600,23.99276157877135,27.036421426017572,23.733748638960382,0.0,840
24660,23.854179215223457,25.58986778387919,23.75793021358106,0.0,900
24720,23.629292416643043,25.741296818724848,23.759575784408245,0.0,960
24780,23.932033703830157,24.9948536386341,23.809245059483647,0.0,1020
24840,23.845907514726893,24.509163197689517,23.74740862817788,0.0,1080
24900,23.47383629648229,25.47060636755968,23.76906510921456,0.0,1140
24960,23.784753958896783,25.503487903829694,23.672566419127648,0.0,1200
25020,24.02659175279414,25.128514437999886,23.69839763099325,0.0,1260
25080,23.998011264652416,21.85908591533649,23.86687199813396,0.0,1320
25140,24.161651517258186,26.590943554318017,23.911093204365468,0.0,1380
25200,24.220330224653907,25.80378859776134,23.80979211616313,0.0,1440
25260,24.041187616106235,24.786006949713176,23.926809126888546,0.0,1500
25320,24.32428469254645,23.73774892076534,24.061544143815055,0.0,1560
25380,24.247322541187696,27.21925254798859,24.152395758171973,0.0,1620
25440,23.88183949634529,25.575504423637565,24.13345272834939,0.0,1680
25500,23.95975352875651,24.878099138282174,24.23677918953991,0.0,1740
25560,23.86127540286506,23.39973073423619,24.306580413689716,0.0,1800
25620,24.251613704572602,26.371988559324812,24.253238829991613,0.0,1860
25680,24.518472707328826,24.582352503625234,24.31366454665304,0.0,1920
25740,24.811126687167157,25.49218069795335,24.272499627588637,0.0,0
25800,25.22219824663474,24.98006173336821,24.500513293888844,0.0,0
25860,25.071312299223024,24.150862474360174,24.500214499229994,-1.1190100715385294,0
25920,24.76467808715027,24.488443869091245,24.508794434865855,-2.471733292508132,60
25980,24.87628716359006,24.046848039569003,24.63421350275292,0.0,120
26040,24.76860607478818,23.580638439119436,24.559961387919962,0.0,180
26100,24.578811765474462,24.82711257867323,24.65099292733333,0.0,240
26160,24.771293425519836,23.741597732218704,24.557660010125023,0.0,300
26220,24.829665567684803,24.09006951801956,24.53787506751068,0.0,360
26280,24.63319742202905,24.46904849041556,24.43322076650183,0.0,420
26340,24.38366813941424,22.86335550965034,24.62760540288739,0.0,480
26400,24.477048193973356,22.087352181480913,24.651793921352294,0.0,540
26460,23.98895956002279,25.893386393983914,24.848715678474218,0.0,0
26520,23.992017077800302,25.840701609647184,25.05413302003715,0.9940078664677784,0
26580,24.450765370824424,21.72419509603358,25.03190180206196,1.7836758955244851,0
26640,24.697376082663776,24.326064092628144,24.857549748002587,0.0,60
26700,24.850746225989997,23.932139018708988,24.856574591997322,0.0,120
26760,24.720437508195843,22.873435072729652,24.924026043825553,0.0,180
26820,24.7955350778004,23.934748508771126,24.891379843352716,0.0,240
26880,24.748131795376647,23.348362568486966,24.883166279683905,0.0,300
26940,24.687298724342263,24.014322889556485,24.852369261382126,0.0,360
27000,24.652547367209024,25.692413726734575,24.864930693910956,0.0,420
27060,24.86092167154,22.036263216176334,24.69906369216782,0.0,480
27120,24.73028583487279,24.302337006957902,24.475350290147322,0.0,540
27180,24.784571110441842,24.562233000221372,24.271565287636967,0.0,0
27240,24.732084037750283,23.781630122570853,24.29382244228704,0.0,60
27300,24.979464961899108,25.089120354691087,24.21486504172559,-1.0161709044740805,0
27360,24.773784821276788,24.23692100484867,24.192114756705074,-2.2290479222744577,0
27420,24.905922818969017,25.153478071528962,24.07264407914495,-3.6884876806445885,0
27480,25.06612160220986,22.453255518480777,24.084151063380162,-4.267167611392839,0
27540,25.02806573432838,23.654239272384487,24.09202224690489,-4.060340595416461,0
27600,24.590481027279925,22.892267993304884,24.14110307798139,-5.387477351721241,60
27660,24.920692986842994,23.305938847455955,24.252549971609795,0.0,0
27720,24.901824095396176,25.638287260858924,24.20507471376512,-1.1738613304850571,0
27780,24.942268732026474,23.376621143715738,24.18463076901754,-2.41887937199766,0
27840,25.037651648931632,24.76016813435148,24.2334977518617,-3.3041183242676113,0
27900,24.76675338611881,26.007080392314425,24.224392929627584,-4.481995794222388,0
27960,24.72785506180288,24.93460355526939,24.222997790775743,-5.074851748872784,0
28020,24.254188297715853,22.870280999326237,24.169351300533584,-5.661608406880036,60
28080,24.55850262716531,24.68393555661844,24.195791951644466,0.0,120
28140,24.757712220391184,21.625749071353177,24.26904912394037,0.0,180
28200,24.91761020551358,22.610947591809115,24.14109826288139,-0.847943922676442,0
28260,25.15703813796415,23.489751865311707,23.996407568828598,-1.8722899323839777,0
28320,25.345732978523852,26.017757192582653,23.96906051442472,-3.1688827299743565,0
28380,25.21040246258252,23.721395132536347,23.943610347044725,-4.6672471786706575,0
28440,25.151659060158284,25.815967849413063,23.98470294688891,-4.598214313164949,0
28500,25.15908858184097,24.154298109100075,24.12896322625498,-4.602336987313925,0
28560,24.954697377391682,23.235106063158497,24.050804465927907,-4.8454112463807535,0
28620,24.983019738703273,23.399746510781483,24.15209921345932,-4.846777847769934,0
28680,24.817359613678857,25.53124454294019,24.113497014193698,-4.722690364956735,0
28740,24.53827163394365,22.975630068672796,23.957670991046555,-4.722952492675417,0
28800,24.21424464953037,24.233514128189647,24.099029987505023,0.0,60
28860,23.94117002081912,22.692346317256376,24.21727909900428,0.0,120
28920,23.835822695286083,24.538473931318332,24.297508211526036,0.0,180
28980,24.147659069426044,24.141524636572694,24.210863176000053,0.0,240
29040,23.9306618439364,24.24049589220603,24.15743509642321,0.0,300
29100,23.95855175697029,22.03971048230511,24.12348441840988,0.0,360
29160,24.13813684448823,23.045269382361564,24.296301886052564,0.0,420
29220,24.037753807425187,23.97347429396131,24.24825771720604,0.0,480
29280,23.9427208449137,23.006894082110655,24.276750128687667,0.0,540
29340,23.84010548948697,23.66110844626221,24.30329543782426,0.0,600
29400,23.834298177759894,23.41635375879647,24.247349712625166,0.0,660
29460,23.360102387558175,22.836476392184586,24.33872086129979,1.0810256420748874,0
29520,23.32185435023933,23.886864198677863,24.21665218640938,2.358832313711227,0
29580,23.444717217695047,24.505623256155168,24.286261594068502,2.8491699304292912,0
29640,23.83572241457728,22.86803781358938,24.31596131897088,4.354495908755837,60
29700,23.76234709312133,22.78991770440478,24.427642588804485,5.3796534580916076,0
29760,23.86688238581378,22.820314552596564,24.688120892214684,4.05938883488158,0
29820,24.17974747647262,23.65139672576756,24.68775952584124,5.8733737894112705,0
29880,23.91252300576083,22.239541743704905,24.507046475040983,0.0,0
29940,24.06817853052904,22.409698796218798,24.53123294632472,0.9801664158647962,60
30000,23.801860176693825,23.163892651900184,24.447611219391682,0.0,0
30060,23.765725277247093,23.380288794261027,24.553599038616454,1.1265427331319489,0
30120,23.767234409771348,23.924458417480395,24.479280066358314,2.401871197594175,0
30180,23.959299008806834,24.288032667880174,24.48964689445291,3.629622152035285,0
30240,24.044776617049504,24.02937074079973,24.39041374829308,0.0,60
30300,24.31215756820004,21.918646314882018,24.399062225398783,0.0,120
30360,24.379262638600583,22.56975589551593,24.344593693214374,0.0,180
30420,24.005460243391177,22.434644744021895,24.449981777694443,0.0,240
30480,23.864109977937805,21.23109067079353,24.326129428046674,0.0,300
30540,23.661462233171157,21.18385519842095,24.27501542795909,0.0,0
30600,23.66112775980748,22.138263810972834,24.308363219831136,1.1230404505467402,0
30660,23.717826722039337,22.98042316172729,24.44952837722439,2.190132081087384,0
30720,23.938094911177785,21.61142548155386,24.500649583153493,3.0827146080305887,0
30780,24.194277192757234,22.663407633404837,24.44138587441895,4.697552263914034,60
30840,24.155717829083258,21.107600264058092,24.364662520477914,0.0,120
30900,24.570545536945723,20.838239375981466,24.242410905843055,0.0,180
30960,24.84240943046576,22.109956476430757,24.15125015159796,0.0,0
31020,25.058636850582243,21.589752374610146,24.25951106026244,-0.8500961743311346,0
31080,24.599329728603504,22.171369556656472,24.35034770599758,-1.978521335568179,60
31140,24.397550706290957,23.98272880026724,24.368298159498366,0.0,120
31200,24.70936424805973,21.917129871727738,24.371676292494538,0.0,180
31260,24.612839530067877,22.342613991108305,24.440857324751015,0.0,240
31320,24.53523125694283,22.725362367085612,24.422881497728532,0.0,300
31380,24.230178434658608,22.698291170606808,24.311562767404173,0.0,360
31440,24.016070810877224,23.251512363976584,24.241570216114603,0.0,420
31500,23.809775447378147,22.989581282682508,24.2463984653053,0.0,480
31560,23.961127134900863,22.39604543110724,24.228742477200704,0.0,540
31620,23.70047741992371,25.055497897131815,24.186314080109096,0.0,600
31680,23.61388398711166,22.35394896504278,24.18393236758132,0.0,0
31740,23.67406533526153,23.900049447703676,24.246454133144073,1.0015909476713318,0
31800,23.571120978075584,23.4510311463209,24.214861517226723,2.365695686967602,0
31860,23.534942638646424,21.898382475992797,24.105281906203288,3.678559395065882,0
31920,23.295855759201082,22.862937143710262,24.233664634630536,4.347078529660992,0
31980,23.08965143982304,23.02546834866801,24.27861444117421,4.055268607841546,0
32040,22.95111641294582,23.079448779879943,24.35633174454046,4.810560750565594,0
32100,22.956982167381877,23.52323107659754,24.420792708207017,5.645906534255668,0
32160,22.733008438674545,22.836997622537965,24.3958286242522,5.82873862825176,0
32220,22.812704449043622,22.364338722583632,24.325845215865755,5.7721512806888065,0
32280,22.8129150676641,22.58816633966068,24.5568986733308,4.397295098887488,0
32340,23.010456753122856,22.697775314669776,24.556450447524075,4.7308622287363,0
32400,23.026290188154057,21.94413035768218,24.408709451172115,4.99391365193394,0
32460,23.305860149267616,22.999294064513478,24.637673894928668,5.630838068887034,0
32520,23.239031164114763,22.385433648819813,24.758742450686785,5.4044902975267775,0
32580,23.28316929108515,21.768845600164454,24.791085656962252,5.803337318783843,0
32640,23.755227674611234,23.39400430579346,24.827113253157368,4.896098468845452,0
32700,23.874473025306052,23.894222214922596,24.778938347294492,4.422137986476471,0
32760,24.12444093117366,22.310080141635872,24.827989279321585,5.6143062195901505,0
32820,24.414617491564155,22.19159201648084,24.667508822453446,5.584441174598837,60
32880,24.852923797547543,21.20985517679387,24.72350498104725,0.0,120
32940,24.640263728753474,22.261960116181832,24.74978406490757,0.0,180
33000,24.354096473176256,21.356002087659718,24.573299567033068,0.0,240
33060,23.990060950009184,20.706749205848315,24.562049859480425,0.0,0
33120,24.08505292583759,21.853206073123882,24.471213571994188,0.0,60
33180,23.99167038379813,22.419339104557675,24.517477317948764,0.0,0
33240,24.200053412921502,20.719254315751197,24.52007277418816,1.1607647680350817,60
33300,24.084585494086166,21.070552971077777,24.67317380336755,0.0,0
33360,24.069631204265047,23.00999113307233,24.56735520147629,0.0,60
33420,23.995498620654992,20.577344851521975,24.491223936544625,0.0,120
33480,23.932591199651927,20.88698370881708,24.48408258676628,0.0,0
33540,23.82305796610266,21.416065173155804,24.454736986608555,0.9421500709764827,0
33600,23.84884365705063,20.294774828589425,24.530814535344163,1.6756876050734562,0
33660,23.883442099159154,21.6652181366401,24.769359990086823,2.802123061779765,0
33720,23.934901302304866,20.814489166332198,24.705850018819024,3.892330146393523,0
33780,24.223946769508462,24.276683028526616,24.71350955183592,4.5143140322286355,60
33840,24.362502351556532,22.92011971350908,24.595733769489602,0.0,120
33900,24.34296000568148,18.82905491902916,24.670802557216202,0.0,180
33960,24.221098899812976,19.46685497670845,24.712477251568835,0.0,240
34020,24.21756739269692,21.579972974704628,24.850105922739154,1.1239578662740253,0
34080,24.544892147654213,21.275406718510695,24.952585838064234,2.4241211610979096,60
34140,25.01444184244166,19.65795066391931,24.903973420317925,0.0,120
34200,25.21566888875295,21.897576259524246,25.114562540925068,0.0,180
34260,25.14933538797251,20.079973344746616,25.101570883224802,0.0,240
34320,24.976953652679384,20.162320540368157,25.14294995642427,0.0,300
34380,24.774084530112642,20.229188836385113,25.1855889847915,0.0,360
34440,24.622217333021993,19.634729268288996,24.984262361227877,0.0,420
34500,24.765383157806262,20.783364300389024,25.014824348223478,0.0,480
34560,24.59187075428907,20.58390693395894,25.127677869718788,0.0,0
34620,24.73699961234011,21.41559688147961,25.124345822807882,0.9826250581896838,60
34680,25.063104869327745,20.493233181932528,24.953009405277076,0.0,120
34740,24.90216984137411,21.258485520107435,25.094910948256135,0.0,180
34800,24.622010402055288,20.349472681399313,25.08742601585742,0.0,240
34860,24.68631632819375,21.921638138062647,25.052245366547336,0.0,300
34920,24.644351432266546,18.538958976526956,25.014438512352342,0.0,360
34980,24.86907619629335,20.38825687093558,24.946136252820068,0.0,420
35040,24.985746584638967,21.19961149554961,24.8971290234786,0.0,480
35100,25.05109316927354,21.821782373947972,25.00967753404779,0.0,540
35160,25.01883234771759,19.632472527273904,25.13572639653755,0.0,600
35220,24.93882272470528,21.967616916949854,25.151209673544166,0.0,660
35280,24.63560762141745,21.844889994021717,25.052138872873208,0.0,720
35340,24.6434988528265,19.661867552275496,25.024521685402945,0.0,780
35400,24.985136172962854,21.058538402750102,25.105433369350795,0.0,840
35460,24.970064673243268,21.34191549618939,25.098815727256063,0.0,900
35520,24.86063914521154,21.171560330400165,24.979961842273752,0.0,960
35580,24.632483852598224,20.467291522418257,25.084051941865127,0.0,1020
35640,24.46540694663354,20.62863934897057,24.917005379065525,0.0,1080
35700,24.54602012317253,20.6842269062316,24.881743779395624,0.0,1140
35760,24.46730009631606,21.506160021224865,24.735513603578056,0.0,1200
35820,24.31487165550728,18.821435344460262,24.82054856260173,0.0,0
35880,24.334561873908513,20.22018224679809,24.6773357163799,0.0,60
35940,24.648758259165263,19.58664635364146,24.721547270261055,0.0,120
36000,24.815066108211077,20.42891141050056,22.479431167031642,-1.0558561492580598,0
36060,24.603028191398863,19.518826538790922,22.4152422317845,-1.9404057232435985,0
36120,24.664983383222292,19.476400994302022,22.43268345415077,-2.9170504316275334,0
36180,24.994177572068867,21.34628958360998,22.501769343143117,-3.1642637412012014,0
36240,24.81154628818313,19.88054618381449,22.390521209848053,-4.4766390249034815,0
36300,24.64501723780598,19.53136229090921,22.426568240712697,-5.580978494944022,0
36360,24.35439398051357,18.648019206465058,22.393682816426338,-4.075427366266167,0
36420,24.592616417579862,18.352625245251126,22.32540629690486,-4.402463738035585,0
36480,24.71036758436274,19.300179197333208,22.272771993452903,-5.382735292840199,0
36540,24.482267712681715,18.926975505631077,22.330487589468916,-4.5426860473779325,0
36600,24.346991081910303,20.033902633696094,22.359024314205744,-4.854961435390899,0
36660,23.717613953119724,20.198984519874287,22.206656473994375,-4.165628183620486,0
36720,23.580577788825554,19.458586514909083,22.322145042454654,-5.756347021419228,0
36780,23.443596513489915,20.213871391367043,22.47143242772665,-4.789094363491772,0
36840,23.609551737444523,20.273559235742304,22.592168918735016,-5.924185389886086,0
36900,23.459956498801645,20.224875291126033,22.557257912460006,-4.706888138049244,0
36960,23.36155101604869,18.31110556422758,22.58197198430079,-5.084402052940671,0
37020,23.103624813458072,17.387534243984184,22.44372285106364,-5.702542991265411,0
37080,23.130084346999734,19.897027009388236,22.465577387082206,-5.985060555946047,0
37140,22.997995730083918,18.24344965557257,22.28976855443603,-4.568349028389903,0
37200,22.849157387317664,20.881169764892952,22.240156288996836,-5.671007395183425,0
37260,22.77087087434141,18.923022921568705,22.087998805205398,-4.421467388043813,0
37320,23.03920793513601,20.120581648452056,21.980348064999284,-5.417797290162197,0
37380,22.70647107893176,18.302132326044866,21.953948745944498,-4.693166904390936,0
37440,22.67244151145278,19.477787517332036,21.747236556033336,-5.206030593121684,0
37500,22.66090622078004,21.177652237753303,21.654061280325315,-4.421938310879776,0
37560,22.86019031373251,18.045087336992857,21.717579671949743,-5.74084996463723,0
37620,22.885962620728964,19.313904855122093,21.795019585370568,-4.928456178870947,0
37680,22.807842666273334,18.88250761836848,21.971383906586894,-5.873309880773528,0
37740,22.64862201918373,19.326222602541954,22.01266715723908,-5.840235979443817,0
37800,22.778496190001135,19.202201890577403,22.19882732852562,0.0,0
37860,22.63231373268797,19.24851031979293,22.19963769003688,-0.8344489225891958,60
37920,22.565038573367726,18.910004662199217,22.140485241899775,0.0,120
37980,22.25912750767387,18.36258419638405,22.00242216307229,-1.0361149168100732,180
38040,22.25632039671463,18.57038976842265,22.07265159768826,0.0,240
38100,22.25071528888179,19.212137477198418,22.238431426922546,0.0,300
38160,22.33653945344844,17.656284934908918,22.319888675974617,0.0,360
38220,22.64424497949827,20.646248281211886,22.14023953991617,0.0,0
38280,22.450397869627103,19.282384174347115,22.074661804072605,-1.154608586527959,60
38340,22.578221530035602,18.085756665397746,22.174418085938406,0.0,120
38400,22.494514123232914,18.481144310790572,22.274356772917468,0.0,180
38460,22.274147096592298,17.82147513844151,22.210834787890114,0.0,240
38520,22.425230125923235,18.84332406423351,22.18699864983115,0.0,300
38580,22.602593835823434,19.819544996185815,22.206264674508887,0.0,360
38640,22.550826731405643,19.186538145203873,22.128489311160145,0.0,420
38700,22.46531198254799,17.995449127024262,22.041708967640112,-0.8390044039254205,480
38760,22.408796490053184,19.14377763032349,22.034419822030188,0.0,540
38820,22.02243594620382,19.238582479913127,22.0491391179066,0.0,600
38880,21.799157516600374,17.538874530095136,22.212156122472248,0.0,660
38940,22.077874774145055,17.79168457694697,22.108877640390943,0.0,720
39000,22.477426814307524,18.135862631790893,22.296426154719942,0.0,780
39060,22.171662069134314,20.164034513868256,22.254283847202387,0.0,840
39120,22.04571535916939,18.441621382459,22.244112563686194,0.0,900
39180,21.88981453903089,19.022205703408694,22.352251845118936,0.0,960
39240,21.851446649095468,18.319347001884697,22.29494405145155,0.0,1020
39300,21.868526123349536,17.515693101759492,22.373475388475978,0.821051529315467,0
39360,21.991619020159305,18.30464246969072,22.262845574388706,0.0,60
39420,21.938983022987262,17.2866588715948,22.426689134550603,0.0,120
39480,21.79507445769672,19.335640140109845,22.621191239877668,1.1555809777919779,0
39540,21.715313637925117,17.250065390512287,22.72410051449459,2.5683297904092375,0
39600,21.77502613725791,18.851634660048525,22.75431791704538,4.263301830418005,0
39660,21.97770693026736,16.036501477858888,22.741809396811888,5.61831509334855,0
39720,22.268045353908786,18.188029272007185,22.70808270630573,5.30190178643034,60
39780,22.302280832332944,16.950858248844494,22.458111491947317,0.0,120
39840,22.39530994439589,18.668658833960272,22.473388379194276,0.0,180
39900,22.458221191550365,16.987851863877612,22.432308105653732,0.0,240
39960,22.534513725638107,17.385546620078706,22.396163530734594,0.0,300
40020,21.72546986708442,16.848007820711917,22.274121601278747,0.0,0
40080,21.86001031888374,17.76831942305733,22.2064717677502,0.0,60
40140,21.992615200026435,16.586713454603245,22.115820171621174,0.0,120
40200,21.93637552142406,17.582396730149576,21.921878040158646,0.0,180
40260,21.659105594595932,16.68793897131993,22.00307724659641,0.0,240
40320,21.336806611624183,16.61019332147204,21.98047213125815,0.0,0
40380,21.74574011774205,17.59965674186078,22.054592793591205,1.1190366126818785,60
40440,22.13413792273693,15.388541778775414,21.974860772015813,0.0,120
40500,22.234734199927843,16.970959271281583,21.83977454081715,0.0,180
40560,22.098312787410094,14.611407861293678,21.803619215244098,0.0,240
40620,21.95406419734625,16.900811029558426,21.922146391792527,0.0,300
40680,21.769276606520258,18.52234239750077,21.972229768092046,0.0,360
40740,21.572740885722446,16.469867063550804,22.071719068262027,0.0,420
40800,21.535766236798434,18.23325666318533,22.00866954856095,0.0,480
40860,21.732061631069943,16.864969786935045,21.91636283296482,0.0,540
40920,21.745646108790393,16.200483776399274,21.834681461934128,0.0,600
40980,21.821283897686435,17.405000265865063,21.93772966242027,0.0,660
41040,21.479975096161883,15.694620805729203,21.877575335461007,0.0,720
41100,21.352415788296096,15.914362856784743,22.022272519065424,1.0607380530295065,0
41160,21.291604977891247,16.769865325402687,22.113312675631963,2.291231677968207,0
41220,21.583083756166374,17.30357532391046,22.215981015438537,2.735562931064028,0
41280,21.255771270871463,17.075273770683886,22.299579264746693,3.7972709860311995,0
41340,21.387299616186915,15.815158462716528,22.31360994512913,5.132039201840753,0
41400,21.32208874295676,16.992812061308733,22.371763595024998,5.29079717060316,0
41460,21.289823399152894,15.782708187354817,22.31104875754443,5.755314877270919,0
41520,21.375807008626484,16.096572154197673,22.40931766435457,4.456887596108503,0
41580,21.642331450693963,15.442369205443363,22.297808077180346,5.813822795067532,0
41640,21.823246400292824,15.797397405352887,22.426431374784606,5.600361885643332,0
41700,21.65927701004912,15.343502048541936,22.51239985333841,5.809531521223166,0
41760,21.9172995290723,15.930707903780254,22.695677519335796,4.574573752952988,0
41820,21.76624595644393,14.50155823441981,22.574147597020882,5.001223703703519,0
41880,21.913592040117347,15.095212227057738,22.60146142787148,5.335081115501275,0
41940,21.748520593864253,16.4017063095205,22.578381733342862,4.570072415769867,0
42000,21.776857682297717,18.258150216476782,22.630008172429402,5.475544376837432,0
42060,21.566528843497142,15.793843358475018,22.728598631778652,4.8633358339570485,0
42120,21.6965236851476,15.668935230059615,22.77470043919494,5.402837064982789,0
42180,21.773037434121324,17.138343111854205,22.672828801178373,5.86098300299192,0
42240,21.69125066651704,16.547449103330347,22.783638988000785,5.785097296295416,0
42300,21.997675013647054,16.736705367431007,22.72789384214289,4.042359370628975,0
42360,22.34666749285377,16.012349362250813,22.78766384848515,5.322012795589889,60
42420,22.365545423774208,15.706860905252633,22.796063574002066,0.0,120
42480,22.425046522588207,16.527076719419355,22.910783691283505,0.9595458794682961,180
42540,22.85557713479046,14.849958979815222,23.015837413133898,2.0166420223719905,240
42600,22.97006065322127,16.76159171022844,23.085122296269528,0.0,300
42660,23.241084673192955,15.097445479269558,23.292971099847367,0.0,360
42720,23.18934736969246,16.280613745416762,23.398008608857413,0.0,420
42780,23.06283202883301,14.530690012922141,23.508223258405533,0.0,480
42840,23.452738649795123,14.066624522460076,23.44262853883052,0.0,540
42900,23.721945196267004,14.64847786494739,23.356174985136825,0.0,600
42960,23.528554385400888,15.400695840526506,23.35818384299892,0.0,660
43020,23.79511148864036,16.450927446234324,23.43271917815406,0.0,720
43080,24.02203353832413,15.347302572823558,23.369740866206545,0.0,0
43140,23.967636046589703,15.092862317782894,23.268695794707025,-1.1369198361392796,0
43200,24.109975571051706,15.351919166741617,23.134923583495514,-2.215823176422774,0
43260,24.37552334984617,15.621719002702934,23.143063901067368,-3.5329774594271197,0
43320,24.645690980130787,13.615463653136413,23.10795988742156,-4.489686875556243,0
43380,24.384289624907453,14.735416520109958,23.058916787509858,-4.506056336478285,0
43440,24.589432110731984,15.08628415824963,23.03171181876658,-4.184909893347441,0
43500,24.652963350826088,14.843198816385744,23.147277734560003,-4.6803275458173825,0
43560,24.93935439213381,14.422676043255148,23.18362635852856,-5.87919626589934,0
43620,24.78357857847841,15.33038867543425,23.17348701381018,-5.036952497791446,0
43680,24.46247223208948,12.856888781362292,23.189386978569456,-5.3843125898893405,0
43740,24.311260403399398,12.370806069061908,23.257943934089752,-4.198180490676428,0
43800,23.815677188073057,15.711930208634165,23.070742125738132,-4.085822366298041,0
43860,23.33648308887966,13.813979645589066,23.025883556010555,-5.0211046500348555,60
43920,23.371606879061005,14.279826684983517,23.112299481416407,0.0,120
43980,23.210720333598836,13.690971079838162,23.018032804281134,0.0,180
44040,23.133728472458085,11.753757814883327,22.945453593691653,0.0,240
44100,23.267124554114183,13.923846129627865,22.86130705325438,0.0,300
44160,23.040660170960738,15.955202614914617,22.816105437028014,0.0,360
44220,23.109553743566707,14.593737534097329,22.76804539253819,0.0,420
44280,22.907796648580135,15.913345292546238,22.718757396386337,0.0,480
44340,22.89026502260675,14.279081694672765,22.73787449218702,0.0,540
44400,22.81834124082423,13.67894285827056,22.798021725261357,0.0,600
44460,22.98169467698326,13.896032087728997,22.92637519819817,0.0,660
44520,23.19685387263865,16.219476831214116,22.815718432053167,0.0,720
44580,23.12127096572947,13.090402200418184,23.09006207281608,0.0,780
44640,23.10763021889416,13.902272085580009,23.083713728427334,0.0,840
44700,22.907089849857396,12.073811113810187,22.972423104412314,0.0,900
44760,22.389650813839523,12.962282457987165,22.935686107100196,0.0,0
44820,22.516342647573307,13.089795177325273,23.067508464222268,1.0689219018393212,0
44880,22.746282928419866,12.752752675127468,23.07077191834579,2.194779717195544,60
44940,22.991101825815548,13.898448120021637,23.0239586039675,0.0,120
45000,23.183715097846576,13.4056145998774,22.917194741485915,0.0,180
45060,23.118899422498814,14.891496941838582,22.895098599667428,0.0,240
45120,23.429865646464847,14.046378527353491,22.896580425602966,0.0,0
45180,23.6729711332414,13.542129147370385,23.10110539326546,0.0,0
45240,23.8314972697204,14.092710632269336,23.058233916329613,-0.9864533773897588,0
45300,23.690925194187685,12.4765505574729,23.17794474873568,-1.7843081938774468,0
45360,23.583287593738177,13.29721660609691,23.313673998794457,0.0,60
45420,23.432986322328002,12.607767164077304,23.252594348762045,0.0,120
45480,23.62258739978225,14.38581108215649,23.074970728186795,0.0,0
45540,23.137010518541555,12.000578363955167,22.94486776695878,-0.9372740471781172,60
45600,23.158620893870435,13.98671086210535,23.07672942553325,0.0,120
45660,23.167281611125013,13.995346745053638,23.132886530778183,0.0,180
45720,23.183325373830016,12.443925170289535,23.047832911751165,0.0,240
45780,23.24917314309763,14.288248534707337,23.17126937238083,0.0,300
45840,23.23315489644958,12.886191698464021,23.305479629142507,0.0,360
45900,23.038727571041562,12.584359581006204,23.29310736450705,0.0,420
45960,23.051818738801707,13.284452031369735,23.22237932384175,0.0,480
46020,22.940015220055916,12.236274647260652,23.24463833409336,0.0,540
46080,22.92298303555499,12.124068828453591,23.288359481706003,0.0,600
46140,22.658657927240768,13.325617855479823,23.231386510502336,0.0,0
46200,22.779684692822265,14.669923347808753,23.207029284659058,1.1853344022389187,60
46260,23.015094787188243,13.177397376453078,23.135625829050767,0.0,120
46320,23.14972056602495,12.195563178537462,23.334117693443982,0.0,180
46380,23.2679225153403,12.88899657060569,23.345467938807168,0.0,240
46440,23.022144843740662,12.591899123578665,23.407891416051203,0.0,300
46500,23.20154254374866,10.583248431779033,23.507703721060775,0.0,360
46560,23.238028229970894,12.128288739098522,23.488077610248343,0.0,420
46620,23.48758323622211,11.356607661244869,23.586797896693415,0.0,480
46680,23.59384236267456,11.167491577975795,23.519218111941036,0.0,540
46740,23.56484077921562,12.401607334528737,23.573771694154406,0.0,600
46800,23.439717818355582,12.709770990429758,23.57668155413487,0.0,660
46860,23.428299365984945,13.300419976145145,23.45677012092596,0.0,720
46920,23.13059859650022,12.005484932564142,23.543316360502896,0.0,780
46980,23.218429404945233,12.329611442424968,23.54856757432872,0.0,840
47040,23.817769337390985,12.193742231236886,23.405885765830938,0.0,900
47100,23.896203744884,10.532211760449925,23.52457614614644,0.0,960
47160,23.85650471290781,11.260206617486766,23.366893464362406,-0.9524893439033393,1020
47220,23.839244833991422,12.543953885683138,23.472795197124412,0.0,1080
47280,24.179413322125782,12.520154012461257,23.53787747728179,0.0,0
47340,24.027754267153732,11.374345258926908,23.558334445529418,-0.9052343480015813,60
47400,24.253819058810876,13.390347134256372,23.672661242234916,0.0,0
47460,23.931630914465693,11.850715517057942,23.708340064986462,-0.821094239120051,60
47520,23.675814998744276,10.012520926428722,23.656692515580154,0.0,120
47580,23.766897402604872,12.123538654886978,23.707081115969128,0.0,180
47640,23.839887649679635,9.78188753622101,23.589383955176476,0.0,240
47700,24.117922076314727,9.409362017484282,23.640773576185076,0.0,300
47760,24.42396738688425,10.55245777522335,23.666049852682505,0.0,0
47820,24.489589661629555,12.105380240055815,23.65779211174862,-0.9474295386718548,0
47880,24.588277387562616,10.745442731999914,23.574010424330428,-2.1284356909712465,0
47940,24.379682735976022,11.456742812367251,23.533343704686715,-2.732654206283904,0
48000,24.407714595268065,10.713921373407238,23.411210283668836,-4.212382844856724,0
48060,24.28789310065169,11.80525784045644,23.55863440307917,-5.700890368757639,0
48120,24.0147466601828,12.448701373486085,23.607416600668806,-5.115011454382117,60
48180,23.848531589929408,14.068634111361884,23.78340267989845,0.0,120
48240,23.695522595445617,10.614109916164853,23.835230291590474,0.0,180
48300,23.393298337284087,11.627940425793495,23.77670112135068,0.0,240
48360,23.26192633634889,12.400674044402852,23.842059448682125,0.0,0
48420,22.69525512084789,11.882949572399099,23.887692308771392,0.8714498352675825,0
48480,23.01084163536601,13.762949057349655,23.88991274445792,1.7673126062832134,0
48540,22.726402694471723,11.006222705910615,23.912038949784456,2.489362742954,0
48600,22.88143826842544,12.082460357518002,23.81577784648518,4.135091644887578,0
48660,23.201240537475393,9.954882075342598,23.750245793444122,5.755968771616773,0
48720,23.575996510183934,9.793700334903754,23.713915647105306,5.194751918954604,60
48780,23.403577860940107,10.57073147148428,23.854714178519224,0.0,120
48840,23.69279200149386,10.960312367646255,23.84800911768106,0.0,180
48900,23.360409145457556,10.928985968633205,23.835407043284135,0.0,240
48960,23.45058008015603,11.896873938731238,23.87569570975284,0.8963338711241452,300
49020,23.38671120714168,10.774542838888987,23.72237759459658,0.0,360
49080,23.361029603775215,11.415149350952532,23.81374199500561,0.0,420
49140,23.457009604223828,10.310102810026493,23.778188362994925,0.0,480
49200,23.363683833274564,11.067999369436063,23.672915069501578,0.0,540
49260,23.40960298856442,9.018547762103285,23.70170634415594,0.0,600
49320,23.216009662905876,10.630010664022299,23.8307182073012,0.0,0
49380,23.052260210682483,11.004377384287725,23.718848207116988,0.8396343948466711,0
49440,22.80268719779925,9.793888989140584,23.67006907385674,1.6235068945065165,0
49500,23.071282727504304,11.35957870290031,23.61367693583558,2.290250209557365,0
49560,23.26288629864489,10.758316966383015,23.62133675117572,3.3426061441486774,60
49620,23.195069702819467,10.868326964343531,23.685633922504753,0.0,120
49680,23.497999062517547,11.606790358083991,23.6711372562937,0.0,180
49740,23.355197681711456,10.399159023688867,23.77847338439795,0.0,240
49800,23.348629921562107,10.769233864735847,23.67031084573079,0.0,300
49860,23.586331326378946,10.839648376145869,23.866898063898986,0.8015781897664719,360
49920,23.596336489669007,11.3595003658352,23.931206875629993,0.0,420
49980,23.954923552205116,10.87034071222877,23.96045967303452,0.0,480
50040,23.859017505149765,9.290646973612024,23.8957964442476,0.0,540
50100,23.70049345193029,10.37878254769257,23.96157355098822,0.0,600
50160,23.966994988706194,9.508026789572344,23.944707575430833,0.0,660
50220,23.986786883573632,11.175073853694483,24.01181339459413,0.0,720
50280,24.254001659509182,11.626087859118282,24.164278563795413,0.0,780
50340,24.52546680708438,11.286863911657951,24.07702761370153,0.0,840
50400,24.52098882558952,9.178110637059172,23.97907318772358,-0.9197643066344336,0
50460,24.26461388282634,7.837728640638584,23.90156162243961,-2.284485446478914,60
50520,23.726504593424572,11.06415248194932,23.716350280519457,-3.4587642748327707,120
50580,23.778201566214758,10.109189912725101,23.583708745339482,0.0,180
50640,23.565052927610967,10.04750283997917,23.552103082706896,0.0,240
50700,23.529499927112884,11.435420516127254,23.675212207589055,0.0,300
50760,23.975561891812994,10.03004732071993,23.622881777803023,0.0,360
50820,23.788480602574335,8.953339249886934,23.648930296529723,0.0,420
50880,23.773111658817726,11.089552429714312,23.68166566204778,0.0,480
50940,23.9308815541802,10.434298392686943,23.565686457690784,0.0,540
51000,24.220934291737116,10.164154403745187,23.627409254874006,0.0,0
51060,24.076938660180517,11.149152461621146,23.647012128604743,-0.9118170928528585,60
51120,24.134391137932116,10.827923205969338,23.65823989865485,0.0,120
51180,24.424527686223442,8.738572192970391,23.763082502829224,0.0,0
51240,24.430754952400463,9.314353335224189,23.755829714877578,-0.8395196271750478,0
51300,24.37104705388469,9.204560677166159,23.79062044737887,-1.7509900195876502,0
51360,24.323441392213425,9.535615989758622,23.76258424520142,-2.2569496144188164,0
51420,24.44854740947538,9.408316967714445,23.6778706625241,-3.6011433224304503,0
51480,23.958196004633983,8.782944740671294,23.658928131981927,-3.7699363514531306,60
51540,24.136332160605598,9.028865102482273,23.58737962595457,0.0,0
51600,24.158733189909672,11.086608384014346,23.726702535319994,0.0,60
51660,24.155892608308463,9.262242875622999,23.777400650147666,0.0,120
51720,24.176903354639183,9.710849531060028,23.79150338634395,0.0,180
51780,24.244490632539605,9.383543844967182,23.635255095588956,-0.9732616257310316,0
51840,24.510119775005073,9.409493307302863,23.653410722469644,-1.6696667309161908,0
51900,24.21073235532001,8.835670383830143,23.691487028849032,-2.688223059297132,0
51960,23.95630658138504,7.7855952826494885,23.652208443407023,-3.6510308927473307,60
52020,23.748206606555495,6.956043485020748,23.746345277234035,0.0,120
52080,23.532634451488516,9.295345585451392,23.922021458482632,0.0,180
52140,23.453168377704028,8.663749350944224,23.975053585267883,0.0,0
52200,23.79067906013383,9.652681388192695,23.91517517951829,0.0,60
52260,23.807361239673963,8.677018935616154,23.963277023154767,0.0,120
52320,23.63040536324761,9.277792028483097,23.840264693295083,0.0,180
52380,23.716312629874377,8.282908564257426,23.75306515230242,0.0,240
52440,23.74055057580494,8.711012338390878,23.808104883618284,0.0,300
52500,23.383825537446175,7.922983560869213,23.91050692450713,0.0,0
52560,23.621259213896177,8.950016578881094,23.961035944476777,0.9389250747626866,60
52620,23.725655502781436,9.148701887838406,24.118778504215914,0.0,120
52680,23.888999627240374,8.152164752689403,24.24849450417904,0.9485937894988145,180
52740,23.901276893320542,7.703509536085341,24.24000079174525,0.0,240
52800,24.011829623406282,9.604352349291242,24.187352792894814,0.0,300
52860,23.596951691906575,7.921510992979191,24.196415883918956,0.0,0
52920,23.857994704925197,8.838695820780858,24.12916141751007,0.9157661478571493,60
52980,23.927104941609635,9.807136814921073,24.0958337643927,0.0,120
53040,24.209224290290678,7.377015599872255,24.036691003899907,0.0,180
53100,24.397959143521522,9.785465968941974,24.100055753993598,0.0,240
53160,24.398643805268193,8.966998072805556,24.059603414614593,0.0,300
53220,24.156623705909528,7.3689818949574075,24.093399108013372,0.0,360
53280,24.257275813625014,8.984320022435703,24.067994297714346,0.0,420
53340,24.43138822955011,7.3947016049080645,24.247729435571504,0.0,480
53400,24.331830466247535,8.187228278567863,24.346611846441636,0.0,540
53460,24.429398071863183,8.247235817243384,24.289932101055577,0.0,600
53520,24.131951994991482,8.382199603259577,24.217707503769024,0.0,660
53580,24.082267077021434,9.52014567988564,24.158518400375716,0.0,720
53640,24.253287433057697,8.799712351316145,24.019788349765946,0.0,780
53700,24.332458417251004,7.743201547538098,23.899661692155448,0.0,840
53760,24.446318563538732,9.206866122073226,23.94894049892836,0.0,900
53820,24.41779249636652,7.168000940674252,23.966734534839805,0.0,960
53880,24.583448726285518,9.519284655296406,24.064110459985802,0.0,0
53940,24.512438798739932,7.582535790153193,24.174906534130486,0.0,60
54000,24.488255312761957,6.605833990177236,22.83742324104818,-0.9736464164032474,0
54060,24.050791457149895,8.243420509313216,22.989723053442702,-1.8743807237529384,0
54120,23.88661896595374,7.240694554917035,22.86293905910095,-3.3110784142717944,0
54180,23.76575000717172,6.970478457070208,22.83201500212761,-4.9749497408453145,0
54240,23.523106285339846,7.350732937864625,22.950264609929466,-4.616792513276843,0
54300,23.228560423108082,7.940561874760037,22.853919455703593,-5.846559971380225,60
54360,23.31988970903233,8.458735476266156,22.94005392474086,0.0,120
54420,23.41562566104491,6.53759837081728,23.05217228211775,0.0,180
54480,23.378639423887062,9.491778083505734,22.965719726222375,0.0,240
54540,23.443562047766296,9.139067811787509,22.858830798539003,-1.1918387811130644,0
54600,23.31813787342357,7.640706609924174,22.832704937986783,-2.1928732587164976,60
54660,23.276488698204535,6.439401776462505,23.087993638988618,0.0,120
54720,23.182496235617716,7.937971870205909,22.916723920762834,0.0,180
54780,23.45817473879472,5.709073236883541,22.90952419898433,0.0,0
54840,23.325677150059995,8.397270056616541,22.71884289570219,-1.0949288181516288,0
54900,23.263610517853433,7.323343519079423,22.621071553003667,-2.4798423559601757,0
54960,23.14726893000484,7.867634977711232,22.794297616012503,0.0,60
55020,23.384451600245185,6.76358933673272,22.79099933964477,0.0,0
55080,23.36868439957559,6.967928223268964,22.941190480614125,0.0,60
55140,23.310455456807695,7.1321992673130294,22.848709192502568,-0.9569966729376755,120
55200,22.87896359569397,6.444282540081313,22.74111920471235,-1.7066015960093928,180
55260,23.201215103954514,8.235690681202954,22.656281593486238,0.0,0
55320,23.459147809732563,6.005030970178656,22.61791468543976,-1.0063343560724056,0
55380,23.107367936349824,7.957927407723137,22.542980111931655,-1.605524308207529,0
55440,23.071890416649808,7.051255789524747,22.448552884224004,-2.738693621463532,0
55500,22.75984832879309,5.631617946653662,22.310324405866968,-4.3090079274709,60
55560,22.62073387753977,6.27271993259466,22.26209845857765,0.0,120
55620,22.601139155425813,6.030169658251915,22.348283347969044,0.0,180
55680,22.64236973566934,6.2501712847723345,22.37197432148813,0.0,240
55740,22.491899115400813,5.728240826676259,22.380284934738953,0.0,300
55800,22.42428939501014,7.076724681322001,22.305592860670938,0.0,360
55860,22.272076317671235,8.901568527653627,22.46231827568778,0.0,420
55920,22.23194305972854,8.257070021516467,22.470495324436214,0.0,480
55980,22.055721798559627,6.289231509161431,22.496342184177657,0.0,540
56040,21.94975542140634,4.982176524453903,22.577770542838465,1.0601991841080376,0
56100,21.971414259557466,7.8551844625968865,22.58785619160551,2.412077292609101,0
56160,22.02297849535417,7.25578738743146,22.827961093471846,3.6996263124267132,0
56220,21.707408568228153,7.246610126895114,22.97300845762174,3.8706782279515988,0
56280,21.76515117014945,7.205279698850105,22.959840830121053,5.3879868628017125,0
56340,21.9259287683762,6.665535523504809,22.81268563004083,5.037702621991476,0
56400,21.92435124746207,7.0487722139520255,22.919210253045495,4.190392296330008,0
56460,21.957983683351703,6.459173185726354,23.034869845316532,4.19223600096964,0
56520,22.156234484143777,7.2630042233952095,23.12848779167257,4.01663822903103,0
56580,22.378760973116485,6.068162469864168,23.054313790778213,4.81683089186906,0
56640,22.4761540661487,8.413550724219263,22.932876989030028,5.310298622374406,60
56700,22.33443058932568,8.410699867871095,22.77067935554404,0.0,120
56760,21.696374196767234,5.566559354641722,22.682611548599166,0.0,0
56820,21.829410432300975,6.133964726335884,22.783858922707655,1.0061310515127044,0
56880,22.092128712094542,7.361013309920785,22.881195326808562,2.0358914695624613,0
56940,21.997102459056826,6.0952819501191895,22.77717572546396,2.857310722566969,0
57000,21.946348649360242,5.9621173911177,22.82300745830783,3.1537140310724165,0
57060,21.783989465035095,6.594033605232276,22.9684586197189,4.543514266057463,0
57120,22.062835479649095,6.503194405702625,22.948033133361,5.0943588976325245,0
57180,21.912359375996093,7.615670661341305,23.019896204760006,4.614601446147011,0
57240,21.45239389050028,6.5234734982726845,23.078043015769016,5.712804220108222,0
57300,21.503964389664638,6.2740886654006935,23.12860767441183,4.587958535505579,0
57360,21.407475805088655,6.708303487375449,23.08484747034359,4.0342269068632,0
57420,21.72513311652623,6.892198352497562,23.13674826236322,4.034502706990643,0
57480,21.671993284206586,6.741977023376246,22.97863483445528,4.406234375332907,0
57540,21.709151444952628,6.825395705699121,22.769206912705787,5.853455699271564,0
57600,21.795968641161288,6.034456341731237,22.717055736190183,5.596747529953234,0
57660,21.359299137904223,6.602248486396044,22.679786809504865,4.170594671702231,0
57720,21.272206576943855,5.91822576600575,22.779106383021293,4.823254824662829,0
57780,21.416494031442536,7.442995467598189,22.89723409913597,5.00346393236345,0
57840,21.4688755337785,5.441297668840674,23.153542677384678,4.841223670657636,0
57900,21.522599279723316,6.511041013974188,23.05137584362639,4.5525596324333435,0
57960,21.27531789123648,5.040229737615535,23.10166365771955,4.9640035002640355,0
58020,21.352097170106422,5.905018267174967,23.087446499403146,4.346020324805875,0
58080,21.402259192905046,5.797723238687518,23.0768336217198,5.643074050121367,0
58140,21.701994390889862,6.5668865873379,23.183790608391174,5.130465720840571,0
58200,21.769264911604996,6.58041698007714,23.22379103526818,5.517921224528348,0
58260,21.60091373970737,7.212150438789775,23.238113348339454,4.215664030830527,0
58320,21.65421434934342,6.065396766666922,23.238802399352185,5.005955750467047,0
58380,21.965520363548507,5.693868630509081,23.145891814269746,5.673651154433261,0
58440,22.3746099360349,6.785123384056594,23.18221953388114,5.971317603468446,0
58500,22.37464801256143,7.180134343975076,23.11393556715994,4.416231254604282,0
58560,22.57095780618209,6.299031111043586,22.999401845227425,5.113163235808356,60
58620,22.474073559003497,6.614654471019778,23.11107974636222,5.243537306638646,0
58680,22.342849410677164,6.036190997361045,23.068446831220857,4.038168984005672,0
58740,22.61346899406544,5.6544942736741195,23.062845673801924,4.8268067819272105,60
58800,22.84064000138822,6.990662533484622,23.28607383660213,5.0562467171945435,120
58860,23.09185104764568,5.205513744424145,23.38636277165256,5.2884074206234555,180
58920,23.043401868796725,5.00678381366229,23.374405375187383,0.0,240
58980,22.924662719533128,7.071508820745702,23.537039166481442,0.0,0
59040,23.028608343767374,4.203463328840929,23.400925702939713,0.0,60
59100,22.88458957322548,7.870469150540158,23.314443144768425,0.0,120
59160,23.067388357004628,5.866247420438773,23.17473899769619,0.0,180
59220,23.345644036564586,5.7751613839032245,23.16891047526194,0.0,240
59280,23.309686582059356,5.148864615144128,23.336920654368736,0.0,300
59340,23.38547516493024,6.604739328460808,23.487971984783933,0.0,360
59400,23.607053233973915,6.89123019035489,23.553612424693696,0.0,420
59460,23.622942375834416,6.063550399612221,23.423595162255726,0.0,480
59520,23.689303503448777,4.9892157822429235,23.349868770921194,0.0,540
59580,23.699320109944274,7.754022243781084,23.296477716475437,0.0,600
59640,23.806730459387627,6.578418555253419,23.37296378822636,0.0,660
59700,23.981276801042043,7.558561964749718,23.345145355865604,0.0,0
59760,24.052938538948702,5.081121758489,23.292916122408904,-1.1221069440935036,0
59820,24.04153308531898,4.690619919486378,23.22991961181892,-2.010916118196388,0
59880,24.223483137199622,5.421831732107466,23.149157134256473,-3.1440021382363263,0
59940,23.966215071599457,7.310436352155342,23.040736705495743,-3.643188898936577,0
